{
  "3219764": {
    "type": "root",
    "mutual_info": 0.6730116670092563,
    "stability": 0.2,
    "confidence": 0.4365058335046281
  }
}