{
  "497957": {
    "type": "root",
    "mutual_info": 0.6757392797294366,
    "stability": 1.0,
    "cramers_v": 0.9759103641456582,
    "confidence": 0.8654777847209064
  }
}