{
  "0.30": {
    "type": "root",
    "mutual_info": 0.5739644913933235,
    "stability": 0.0,
    "confidence": 0.28698224569666175
  },
  "0.15": {
    "type": "root",
    "mutual_info": 0.423781316096863,
    "stability": 0.0,
    "confidence": 0.2118906580484315
  },
  "0.10": {
    "type": "root",
    "mutual_info": 0.5255431693112531,
    "stability": 0.5,
    "confidence": 0.5127715846556266
  },
  "0.6": {
    "type": "branch",
    "mutual_info": 0.5255431693112532,
    "conditional_power": 0.31498738074090993,
    "confidence": 0.4202652750260816
  },
  "0.32": {
    "type": "branch",
    "mutual_info": 0.39371917230164744,
    "conditional_power": 0.38580627748815693,
    "confidence": 0.38976272489490216
  },
  "0.26": {
    "type": "branch",
    "mutual_info": 0.4336823166863948,
    "conditional_power": 0.37709056403743624,
    "confidence": 0.4053864403619155
  },
  "0.17": {
    "type": "branch",
    "mutual_info": 0.5285527984000337,
    "conditional_power": 0.4098928679411407,
    "confidence": 0.4692228331705872
  }
}