{
  "3219764": {
    "type": "root",
    "mutual_info": 0.6730116670092563,
    "stability": 1.0,
    "cramers_v": 0.8611111111111112,
    "confidence": 0.8414268890259249
  }
}