{
  "discovered_features": [
    "4717031"
  ],
  "root_features": [
    "4717031"
  ],
  "branch_features": [],
  "decision_trees": {
    "accuracy": 1.0,
    "rules": "|--- 4717031 <= 0.50\n|   |--- class: 1\n|--- 4717031 >  0.50\n|   |--- class: 0\n",
    "n_classes": 2
  },
  "feature_confidence": {
    "4717031": {
      "type": "root",
      "mutual_info": 0.6739327678687941,
      "stability": 1.0,
      "cramers_v": 0.9760989010989012,
      "confidence": 0.864792887367298
    }
  },
  "epistatic_interactions": [],
  "prefiltered_features": [
    "4717031"
  ],
  "bootstrap": {
    "4717031": {
      "stability_score": 0.0,
      "mean_importance": 1.0,
      "ci": [
        1.0,
        1.0
      ],
      "p_value": 0.0,
      "significant": true
    }
  },
  "ranked_features": [
    [
      "4717031",
      {
        "type": "root",
        "mutual_info": 0.6739327678687941,
        "stability": 1.0,
        "cramers_v": 0.9760989010989012,
        "confidence": 0.864792887367298
      }
    ]
  ],
  "sample_feature_network": {
    "nodes": [
      "1_YP62_ADT",
      "2_YP67_ADT",
      "3_YP58_ADT",
      "4_YP65_PKK",
      "5_YP57_PKK",
      "6_YP52_KK",
      "7_YP60_IM",
      "8_YP55_NP",
      "9_YP68_IM",
      "10_YP59_IM",
      "11_YP51_IM",
      "12_YP54_IM",
      "13_YP56_IM",
      "14_YP75_IM",
      "15_YP61_IM",
      "16_YP53_IM",
      "17_YP69_IM",
      "18_YP64_IM",
      "19_YP74_IM",
      "20_YP71_IM",
      "21_YP63_IM",
      "22_YP66_IM",
      "23_YP72_IM",
      "24_YP70_IM",
      "25_YP73_IM",
      "29_YP8_KK",
      "30_YP17_PB",
      "31_YP22_SZ9",
      "32_YP32_MOK",
      "33_YP16_UE",
      "74_YP19_KK",
      "40_YP4_PB",
      "41_YP26_PAK",
      "42_YP10_UE",
      "43_YP6_UE",
      "44_YP7_NP",
      "46_YP29_PAK",
      "47_YP36_PAK",
      "48_YP14_PAK",
      "49_YP5_PAK",
      "50_YP23_PB",
      "51_YP1_PAK",
      "52_YP18_PAK",
      "54_YP2_IM20",
      "55_YP20_MOK",
      "56_YP12_TK",
      "57_YP22_IM",
      "58_YP9_TK",
      "59_YP21_IM",
      "60_YP24_IM",
      "61_YP3_PB",
      "62_YP33_PB",
      "63_YP2_PB",
      "64_YP37_KK",
      "65_YP4_KK",
      "66_YP38_PB",
      "67_YP34_PB",
      "68_YP15_PB",
      "69_YP30_ADT",
      "70_YP27_IM24",
      "71_YP7_IM25",
      "72_YP5_PKK",
      "73_YP21_KK",
      "75_YP26_PB",
      "76_YP20_MOK",
      "77_YP25_IM26",
      "78_YP23_IM27",
      "79_YP9_MOK",
      "80_YP4_IM28",
      "81_YP39_IM29",
      "82_YP1_IM30",
      "83_YP13_ADT",
      "84_YP17_ADT",
      "85_YP3_ADT",
      "86_YP12_ADT",
      "87_YP18_PKK",
      "88_YP10_ADT",
      "89_YP5_ADT",
      "90_YP32_ADT",
      "91_YP6_ADT",
      "92_YP31_KK",
      "93_YP24_KK",
      "94_YP6_KK",
      "95_YP11_KK",
      "96_YP2_KK",
      "97_YP1_KK",
      "98_YP8_KK",
      "4717031"
    ],
    "edges": [
      [
        "1_YP62_ADT",
        "4717031"
      ],
      [
        "4_YP65_PKK",
        "4717031"
      ],
      [
        "5_YP57_PKK",
        "4717031"
      ],
      [
        "8_YP55_NP",
        "4717031"
      ],
      [
        "11_YP51_IM",
        "4717031"
      ],
      [
        "13_YP56_IM",
        "4717031"
      ],
      [
        "14_YP75_IM",
        "4717031"
      ],
      [
        "15_YP61_IM",
        "4717031"
      ],
      [
        "16_YP53_IM",
        "4717031"
      ],
      [
        "18_YP64_IM",
        "4717031"
      ],
      [
        "20_YP71_IM",
        "4717031"
      ],
      [
        "29_YP8_KK",
        "4717031"
      ],
      [
        "30_YP17_PB",
        "4717031"
      ],
      [
        "31_YP22_SZ9",
        "4717031"
      ],
      [
        "32_YP32_MOK",
        "4717031"
      ],
      [
        "74_YP19_KK",
        "4717031"
      ],
      [
        "41_YP26_PAK",
        "4717031"
      ],
      [
        "44_YP7_NP",
        "4717031"
      ],
      [
        "52_YP18_PAK",
        "4717031"
      ],
      [
        "54_YP2_IM20",
        "4717031"
      ],
      [
        "56_YP12_TK",
        "4717031"
      ],
      [
        "60_YP24_IM",
        "4717031"
      ],
      [
        "61_YP3_PB",
        "4717031"
      ],
      [
        "69_YP30_ADT",
        "4717031"
      ],
      [
        "70_YP27_IM24",
        "4717031"
      ],
      [
        "72_YP5_PKK",
        "4717031"
      ],
      [
        "73_YP21_KK",
        "4717031"
      ],
      [
        "77_YP25_IM26",
        "4717031"
      ],
      [
        "79_YP9_MOK",
        "4717031"
      ],
      [
        "81_YP39_IM29",
        "4717031"
      ],
      [
        "83_YP13_ADT",
        "4717031"
      ],
      [
        "90_YP32_ADT",
        "4717031"
      ],
      [
        "92_YP31_KK",
        "4717031"
      ],
      [
        "95_YP11_KK",
        "4717031"
      ],
      [
        "97_YP1_KK",
        "4717031"
      ]
    ]
  },
  "interaction_graph": {
    "nodes": [],
    "edges": []
  }
}